Feature,Average Weight
cmp,0.33304523625202653
att,0.3429377013846971
totdist,0.2689051739656108
prgdist,0.05511188839766553
